{"cameraMode":{"drawMode":0,"name":"Shaded","section":"Shading Mode"},"sceneLighting":true,"audioPlay":false,"sceneViewState":{"m_AlwaysRefresh":false,"showFog":true,"showSkybox":true,"showFlares":true,"showImageEffects":true,"showParticleSystems":true,"showVisualEffectGraphs":true,"m_FxEnabled":true},"in2DMode":false,"pivot":{"x":25.99563980102539,"y":4.68865966796875,"z":6.680818557739258},"rotation":{"x":-0.22290706634521485,"y":0.0003720686072483659,"z":-0.0012915265979245306,"w":-0.975236177444458},"size":10.449999809265137,"orthographic":false}