{"cameraMode":{"drawMode":0,"name":"Shaded","section":"Shading Mode"},"sceneLighting":true,"audioPlay":false,"sceneViewState":{"m_AlwaysRefresh":false,"showFog":true,"showSkybox":true,"showFlares":true,"showImageEffects":true,"showParticleSystems":true,"showVisualEffectGraphs":true,"m_FxEnabled":true},"in2DMode":false,"pivot":{"x":20.77134895324707,"y":6.312302112579346,"z":10.367729187011719},"rotation":{"x":0.10558953881263733,"y":-0.23626084625720979,"z":0.02720765210688114,"w":0.9659202694892883},"size":12.124356269836426,"orthographic":false}