{"cameraMode":{"drawMode":0,"name":"Shaded","section":"Shading Mode"},"sceneLighting":false,"audioPlay":false,"sceneViewState":{"m_AlwaysRefresh":false,"showFog":true,"showSkybox":false,"showFlares":true,"showImageEffects":true,"showParticleSystems":true,"showVisualEffectGraphs":true,"m_FxEnabled":true},"in2DMode":false,"pivot":{"x":1.9900000095367432,"y":0.9975383281707764,"z":-2.910659074783325},"rotation":{"x":0.22549521923065186,"y":-0.5009073615074158,"z":0.13702088594436646,"w":0.8243993520736694},"size":1.1871845722198487,"orthographic":false}