{"cameraMode":{"drawMode":0,"name":"Shaded","section":"Shading Mode"},"sceneLighting":false,"audioPlay":false,"sceneViewState":{"m_AlwaysRefresh":false,"showFog":true,"showSkybox":false,"showFlares":true,"showImageEffects":true,"showParticleSystems":true,"showVisualEffectGraphs":true,"m_FxEnabled":true},"in2DMode":false,"pivot":{"x":13.302166938781739,"y":0.5650278329849243,"z":1.0004315376281739},"rotation":{"x":-0.21638861298561097,"y":0.17378275096416474,"z":-0.039185360074043277,"w":-0.9600059390068054},"size":2.5262198448181154,"orthographic":false}